-- phpMyAdmin SQL Dump
-- version 5.0.2
-- https://www.phpmyadmin.net/
--
-- Host: 127.0.0.1
-- Generation Time: Oct 07, 2020 at 07:11 PM
-- Server version: 10.4.14-MariaDB
-- PHP Version: 7.2.33

SET SQL_MODE = "NO_AUTO_VALUE_ON_ZERO";
START TRANSACTION;
SET time_zone = "+00:00";


/*!40101 SET @OLD_CHARACTER_SET_CLIENT=@@CHARACTER_SET_CLIENT */;
/*!40101 SET @OLD_CHARACTER_SET_RESULTS=@@CHARACTER_SET_RESULTS */;
/*!40101 SET @OLD_COLLATION_CONNECTION=@@COLLATION_CONNECTION */;
/*!40101 SET NAMES utf8mb4 */;

--
-- Database: `ticketmanager`
--

-- --------------------------------------------------------

--
-- Table structure for table `concerts`
--

CREATE TABLE `concerts` (
  `id` int(11) NOT NULL,
  `band` varchar(40) DEFAULT NULL,
  `place` varchar(40) DEFAULT NULL,
  `date` datetime DEFAULT NULL,
  `imgSrc` text DEFAULT NULL
) ENGINE=InnoDB DEFAULT CHARSET=utf8mb4;

--
-- Dumping data for table `concerts`
--

INSERT INTO `concerts` (`id`, `band`, `place`, `date`, `imgSrc`) VALUES
(1, 'Green day', 'DInamo', '2021-01-24 00:00:00', 'https://images-na.ssl-images-amazon.com/images/I/61HZsw4F5VL._SL1425_.jpg'),
(2, 'Jon Bellion', 'DInamo', '2020-09-03 00:00:00', 'https://images-na.ssl-images-amazon.com/images/I/910h0v-R2jL._AC_SL1500_.jpg'),
(3, 'Skillet', 'DInamo', '2021-04-04 00:00:00', 'https://images-na.ssl-images-amazon.com/images/I/81Bvk-ayKGL._SL1448_.jpg'),
(4, 'Tony Igy', 'DInamo', '2021-01-24 00:00:00', 'https://avatars.yandex.net/get-music-content/3318009/545ed104.a.587142-5/m1000x1000'),
(5, 'Twenty one pilots', 'Chizhovka', '2020-10-16 00:00:00', 'https://images-na.ssl-images-amazon.com/images/I/71k-5WHYB9L._AC_SL1425_.jpg'),
(6, 'Sum 41', 'DInamo', '2021-05-07 00:00:00', 'https://upload.wikimedia.org/wikipedia/ru/thumb/3/39/Sum_41_order_in_decline.png/274px-Sum_41_order_in_decline.png'),
(7, 'Awolnation', 'Chizhovka', '2020-12-03 00:00:00', 'https://lastfm.freetls.fastly.net/i/u/500x500/db98a3f967bd4b6b9dc86251801cce60.jpg'),
(12, 'Intelligency', 'Chizhovka', '2021-07-01 08:00:00', 'https://fuzzmusic.ru/wp-content/uploads/2020/05/new-project-2020-05-09t232712.376-1024x1024.jpg'),
(13, 'Oliver Tree', 'DInamo', '2021-06-29 21:00:00', 'https://i.redd.it/ggp3ntpvnv851.jpg');

-- --------------------------------------------------------

--
-- Table structure for table `costs`
--

CREATE TABLE `costs` (
  `id` int(11) NOT NULL,
  `sectorId` int(6) DEFAULT NULL,
  `concertId` int(6) DEFAULT NULL,
  `cost` double DEFAULT NULL
) ENGINE=InnoDB DEFAULT CHARSET=utf8mb4;

--
-- Dumping data for table `costs`
--

INSERT INTO `costs` (`id`, `sectorId`, `concertId`, `cost`) VALUES
(1, 4, 1, 199.99),
(3, 5, 1, 49.99),
(4, 4, 2, 74.99),
(5, 5, 3, 74.99),
(6, 5, 4, 74.99),
(7, 1, 5, 4.99),
(8, 4, 6, 99.99),
(9, 1, 7, 119.99),
(10, 5, 2, 13.99),
(11, 4, 3, 49.99),
(13, 2, 5, 64.99),
(14, 5, 6, 34.99),
(15, 2, 7, 99.99),
(18, 4, 4, 14.99),
(20, 3, 5, 16.99),
(22, 3, 7, 249.99),
(23, 6, 1, 199.99),
(24, 6, 2, 149.99),
(25, 6, 3, 19.99),
(26, 6, 4, 24.99),
(27, 6, 6, 99.99),
(28, 7, 1, 24.99),
(29, 7, 2, 12.99),
(30, 7, 3, 89.89),
(31, 7, 4, 45.99),
(32, 7, 6, 74.99),
(47, 1, 12, 14.99),
(48, 2, 12, 24.99),
(49, 3, 12, 29.99),
(50, 4, 13, 22.99),
(51, 7, 13, 89.99),
(52, 5, 13, 14.99),
(53, 6, 13, 12.99);

-- --------------------------------------------------------

--
-- Table structure for table `halls`
--

CREATE TABLE `halls` (
  `id` int(11) NOT NULL,
  `place` varchar(40) DEFAULT NULL,
  `description` text DEFAULT NULL,
  `img` text DEFAULT NULL
) ENGINE=InnoDB DEFAULT CHARSET=utf8mb4;

--
-- Dumping data for table `halls`
--

INSERT INTO `halls` (`id`, `place`, `description`, `img`) VALUES
(1, 'DInamo', 'Dinamo description', 'https://www.belarus.by/relimages/002356_978314.jpg'),
(2, 'Chizhovka', 'Chizhovka description', 'https://www.belarus.by/relimages/001434_579229.jpg');

-- --------------------------------------------------------

--
-- Table structure for table `sector`
--

CREATE TABLE `sector` (
  `place` varchar(40) DEFAULT NULL,
  `id` int(4) NOT NULL,
  `name` varchar(40) DEFAULT NULL,
  `numOfSeats` int(4) NOT NULL,
  `features` text CHARACTER SET utf8mb4 COLLATE utf8mb4_bin NOT NULL,
  `svgCors` text NOT NULL
) ENGINE=InnoDB DEFAULT CHARSET=utf8mb4;

--
-- Dumping data for table `sector`
--

INSERT INTO `sector` (`place`, `id`, `name`, `numOfSeats`, `features`, `svgCors`) VALUES
('Chizhovka', 1, 'A', 200, 'Photozone', 'M308.59 547.14L189.06 526.05L192.97 512.77L219.53 512.77L226.56 521.36L575 521.36L581.25 512.77L600.78 509.64L607.03 521.36L581.25 536.2L508.59 547.14L508.59 547.14L308.59 547.14ZM218.77 508.08L217.24 507.7L215.71 507.32L214.2 506.94L212.69 506.57L211.2 506.2L209.72 505.83L208.25 505.46L206.79 505.1L205.34 504.74L203.9 504.38L202.47 504.03L201.05 503.68L199.65 503.33L198.25 502.98L196.86 502.64L195.49 502.3L194.13 501.97L192.77 501.63L191.43 501.3L190.1 500.97L188.78 500.65L187.47 500.33L186.17 500.01L184.88 499.69L183.6 499.38L182.34 499.07L181.08 498.76L179.83 498.46L178.6 498.16L177.38 497.86L176.16 497.56L174.96 497.27L173.77 496.98L172.59 496.7L171.42 496.41L170.26 496.13L169.11 495.85L167.97 495.58L166.83 495.3L165.69 495.01L164.53 494.7L163.37 494.38L162.19 494.05L161.01 493.71L159.82 493.35L158.63 492.98L157.42 492.6L156.2 492.21L154.98 491.8L153.74 491.38L152.5 490.95L151.25 490.51L149.99 490.05L148.72 489.58L147.44 489.1L146.15 488.6L144.86 488.09L143.55 487.57L142.24 487.04L140.92 486.49L139.59 485.93L138.25 485.36L136.9 484.77L135.54 484.18L134.18 483.57L132.8 482.95L131.42 482.31L130.03 481.66L128.63 481L127.22 480.33L125.8 479.64L124.37 478.94L122.94 478.23L121.49 477.51L120.04 476.77L118.58 476.02L117.1 475.26L115.63 474.48L155.47 435.42L221.88 456.52L221.88 508.86L220.32 508.47L220.32 508.47L218.77 508.08ZM673.6 473.76L672.11 474.78L670.63 475.78L669.16 476.75L667.7 477.71L666.25 478.64L664.81 479.55L663.38 480.44L661.96 481.31L660.55 482.16L659.15 482.98L657.75 483.79L656.37 484.57L655 485.33L653.64 486.07L652.29 486.79L650.94 487.48L649.61 488.16L648.29 488.81L646.97 489.44L645.67 490.05L644.38 490.64L643.09 491.21L641.82 491.75L640.55 492.28L639.3 492.78L638.05 493.26L636.82 493.72L635.59 494.16L634.38 494.58L633.17 494.97L631.97 495.35L630.79 495.7L629.61 496.03L628.44 496.34L627.29 496.63L626.14 496.9L625 497.14L623.87 497.38L622.73 497.61L621.58 497.85L620.44 498.09L619.29 498.32L618.13 498.56L616.97 498.81L615.81 499.05L614.65 499.29L613.48 499.53L612.3 499.78L611.13 500.02L609.94 500.27L608.76 500.52L607.57 500.77L606.38 501.02L605.18 501.27L603.98 501.52L602.77 501.77L601.56 502.02L600.35 502.28L599.13 502.53L597.91 502.79L596.69 503.05L595.46 503.31L594.23 503.56L592.99 503.82L591.75 504.09L590.51 504.35L589.26 504.61L588.01 504.88L586.75 505.14L585.49 505.41L584.23 505.67L582.96 505.94L581.69 506.21L580.41 506.48L579.13 506.75L577.85 507.02L576.56 507.3L574.22 455.73L641.41 433.86L678.13 470.58L676.61 471.66L675.1 472.72L675.1 472.72L673.6 473.76ZM98.71 327.78L99 330.25L99.29 332.68L99.59 335.06L99.9 337.4L100.22 339.69L100.54 341.94L100.88 344.14L101.21 346.3L101.56 348.41L101.92 350.48L102.28 352.5L102.65 354.48L103.03 356.41L103.42 358.3L103.81 360.14L104.21 361.94L104.62 363.69L105.04 365.4L105.47 367.06L105.9 368.68L106.34 370.25L106.79 371.78L107.25 373.27L107.71 374.7L108.19 376.1L108.67 377.45L109.16 378.75L109.65 380.01L110.16 381.22L110.67 382.39L111.19 383.52L111.71 384.59L112.25 385.63L112.79 386.62L113.34 387.56L113.9 388.46L114.47 389.32L115.04 390.13L115.63 390.89L116.21 391.63L116.79 392.37L117.36 393.11L117.93 393.85L118.49 394.59L119.05 395.33L119.61 396.06L120.16 396.8L120.7 397.53L121.24 398.26L121.77 399L122.3 399.73L122.83 400.46L123.35 401.19L123.86 401.91L124.38 402.64L124.88 403.37L125.38 404.09L125.88 404.82L126.37 405.54L126.85 406.26L127.33 406.98L127.81 407.7L128.28 408.42L128.75 409.14L129.21 409.86L129.67 410.57L130.12 411.29L130.56 412L131.01 412.72L131.44 413.43L131.88 414.14L132.3 414.85L132.72 415.56L133.14 416.27L133.55 416.98L133.96 417.68L134.37 418.39L134.76 419.09L135.16 419.8L101.56 454.95L99.32 453.5L97.11 452.04L94.95 450.56L92.83 449.07L90.75 447.57L88.71 446.05L86.71 444.52L84.75 442.98L82.83 441.43L80.96 439.87L79.12 438.29L77.33 436.7L75.58 435.09L73.86 433.47L72.19 431.85L70.56 430.2L68.97 428.55L67.43 426.88L65.92 425.2L64.45 423.51L63.03 421.8L61.64 420.08L60.3 418.35L59 416.61L57.74 414.85L56.52 413.08L55.34 411.3L54.2 409.51L53.11 407.7L52.05 405.88L51.04 404.05L50.06 402.2L49.13 400.35L48.24 398.47L47.39 396.59L46.58 394.7L45.81 392.79L45.08 390.87L44.4 388.93L43.75 386.98L43.13 385.04L42.53 383.12L41.94 381.22L41.36 379.34L40.8 377.48L40.25 375.63L39.71 373.81L39.19 372.02L38.68 370.24L38.18 368.48L37.7 366.74L37.23 365.02L36.78 363.33L36.34 361.65L35.91 359.99L35.5 358.36L35.1 356.74L34.71 355.15L34.34 353.58L33.98 352.02L33.64 350.49L33.31 348.98L32.99 347.49L32.69 346.02L32.4 344.56L32.12 343.13L31.86 341.73L31.61 340.34L31.37 338.97L31.15 337.62L30.94 336.29L30.75 334.98L30.57 333.7L30.4 332.43L30.25 331.19L30.11 329.96L29.98 328.76L29.87 327.57L29.77 326.41L29.69 325.27L48.44 325.27L48.44 236.2L25.78 233.86L26.1 231.26L26.43 228.71L26.78 226.2L27.13 223.73L27.5 221.3L27.88 218.91L28.28 216.57L28.69 214.27L29.11 212.01L29.54 209.79L29.99 207.61L30.45 205.48L30.92 203.38L31.4 201.33L31.9 199.33L32.41 197.36L32.93 195.44L33.46 193.55L34.01 191.71L34.57 189.91L35.14 188.16L35.73 186.44L36.33 184.77L36.94 183.14L37.56 181.55L38.2 180.01L38.85 178.5L39.51 177.04L40.18 175.62L40.87 174.24L41.57 172.9L42.28 171.61L43.01 170.36L43.74 169.15L44.49 167.98L45.26 166.85L46.03 165.77L46.82 164.72L47.62 163.72L48.44 162.77L49.27 161.82L50.11 160.84L50.97 159.84L51.85 158.82L52.75 157.77L53.66 156.7L54.59 155.6L55.53 154.48L56.49 153.34L57.47 152.17L58.47 150.98L59.48 149.76L60.5 148.52L61.55 147.25L62.61 145.96L63.69 144.64L64.78 143.3L65.89 141.94L67.02 140.55L68.16 139.13L69.32 137.69L70.5 136.23L71.7 134.75L72.91 133.23L74.13 131.7L75.38 130.14L76.64 128.55L77.91 126.95L79.21 125.31L80.52 123.65L81.84 121.97L83.19 120.27L84.55 118.53L85.92 116.78L87.32 115L88.73 113.2L90.15 111.37L91.6 109.51L93.06 107.64L94.53 105.73L132.03 146.36L101.56 207.3L98.44 325.27L98.44 325.27L98.71 327.78ZM711.08 111.62L713.16 113.12L715.2 114.63L717.2 116.16L719.16 117.7L721.07 119.26L722.95 120.82L724.78 122.4L726.58 123.99L728.33 125.6L730.04 127.21L731.71 128.84L733.34 130.48L734.93 132.14L736.48 133.81L737.99 135.49L739.45 137.18L740.88 138.89L742.26 140.6L743.6 142.33L744.91 144.08L746.17 145.83L747.39 147.6L748.57 149.39L749.7 151.18L750.8 152.99L751.86 154.81L752.87 156.64L753.84 158.48L754.78 160.34L755.67 162.21L756.52 164.1L757.33 165.99L758.1 167.9L758.82 169.82L759.51 171.76L760.16 173.7L760.77 175.65L761.38 177.57L761.97 179.47L762.55 181.35L763.11 183.21L763.66 185.05L764.2 186.87L764.72 188.67L765.23 190.45L765.72 192.21L766.2 193.95L766.67 195.66L767.13 197.36L767.57 199.04L767.99 200.69L768.41 202.33L768.81 203.94L769.19 205.54L769.56 207.11L769.92 208.66L770.27 210.2L770.6 211.71L770.92 213.2L771.22 214.67L771.51 216.12L771.79 217.55L772.05 218.96L772.3 220.35L772.53 221.72L772.75 223.07L772.96 224.4L773.16 225.7L773.34 226.99L773.5 228.26L773.66 229.5L773.8 230.73L773.92 231.93L774.04 233.12L774.13 234.28L774.22 235.42L755.47 235.42L755.47 324.48L778.13 326.83L777.81 329.42L777.47 331.98L777.13 334.49L776.77 336.96L776.4 339.39L776.02 341.78L775.63 344.12L775.22 346.42L774.8 348.68L774.37 350.9L773.92 353.08L773.46 355.21L772.99 357.3L772.51 359.35L772.01 361.36L771.5 363.33L770.98 365.25L770.44 367.13L769.9 368.98L769.34 370.77L768.76 372.53L768.18 374.24L767.58 375.92L766.97 377.55L766.35 379.14L765.71 380.68L765.06 382.19L764.4 383.65L763.72 385.07L763.04 386.45L762.34 387.78L761.63 389.08L760.9 390.33L760.16 391.54L759.41 392.71L758.65 393.84L757.87 394.92L757.08 395.96L756.28 396.96L755.47 397.92L754.64 398.87L753.79 399.85L752.93 400.84L752.05 401.87L751.16 402.91L750.25 403.99L749.32 405.08L748.38 406.2L747.41 407.35L746.44 408.52L745.44 409.71L744.43 410.93L743.4 412.17L742.36 413.44L741.3 414.73L740.22 416.05L739.12 417.39L738.01 418.75L736.89 420.14L735.74 421.55L734.58 422.99L733.4 424.46L732.21 425.94L731 427.45L729.77 428.99L728.53 430.55L727.27 432.13L725.99 433.74L724.7 435.38L723.39 437.03L722.06 438.72L720.72 440.42L719.36 442.15L717.98 443.91L716.59 445.69L715.18 447.49L713.75 449.32L712.31 451.17L710.85 453.05L709.38 454.95L671.88 414.33L702.34 353.39L705.47 235.42L705.19 232.91L704.91 230.43L704.61 228.01L704.31 225.62L704 223.29L703.69 221L703.36 218.75L703.03 216.55L702.69 214.39L702.34 212.28L701.99 210.21L701.63 208.19L701.25 206.21L700.88 204.28L700.49 202.39L700.09 200.55L699.69 198.75L699.28 197L698.86 195.29L698.44 193.62L698 192.01L697.56 190.43L697.11 188.91L696.66 187.42L696.19 185.98L695.72 184.59L695.24 183.24L694.75 181.94L694.25 180.68L693.75 179.46L693.24 178.3L692.72 177.17L692.19 176.09L691.66 175.06L691.11 174.07L690.56 173.12L690 172.23L689.44 171.37L688.86 170.56L688.28 169.8L687.7 169.06L687.12 168.31L686.55 167.57L685.98 166.84L685.41 166.1L684.85 165.36L684.3 164.63L683.75 163.89L683.21 163.16L682.67 162.42L682.13 161.69L681.6 160.96L681.08 160.23L680.56 159.5L680.04 158.77L679.53 158.05L679.03 157.32L678.53 156.6L678.03 155.87L677.54 155.15L677.05 154.43L676.57 153.71L676.1 152.98L675.63 152.27L675.16 151.55L674.7 150.83L674.24 150.11L673.79 149.4L673.34 148.68L672.9 147.97L672.46 147.26L672.03 146.55L671.6 145.84L671.18 145.13L670.76 144.42L670.35 143.71L669.94 143L669.54 142.3L669.14 141.59L668.75 140.89L702.34 105.73L704.59 107.19L706.79 108.65L708.96 110.13L708.96 110.13L711.08 111.62ZM242.93 103.52L242.12 103.56L241.3 103.61L240.47 103.66L239.63 103.71L238.78 103.77L237.93 103.82L237.06 103.88L236.19 103.94L235.3 104L234.41 104.06L233.51 104.13L232.6 104.2L231.69 104.27L230.76 104.34L229.83 104.41L228.88 104.49L227.93 104.56L226.97 104.64L226 104.72L225.02 104.81L224.03 104.89L223.03 104.98L222.03 105.07L221.02 105.16L219.99 105.25L218.96 105.34L217.92 105.44L216.87 105.54L215.81 105.64L214.75 105.74L213.67 105.85L212.59 105.95L211.49 106.06L210.39 106.17L209.28 106.29L208.16 106.4L207.03 106.52L205.89 106.64L204.75 106.78L203.59 106.93L202.43 107.1L201.26 107.28L200.08 107.48L198.89 107.69L197.69 107.92L196.48 108.16L195.26 108.42L194.04 108.69L192.8 108.98L191.56 109.28L190.31 109.59L189.05 109.92L187.78 110.27L186.5 110.62L185.22 111L183.92 111.39L182.62 111.79L181.3 112.21L179.98 112.64L178.65 113.09L177.31 113.55L175.96 114.02L174.61 114.51L173.24 115.02L171.87 115.54L170.48 116.07L169.09 116.62L167.69 117.19L166.28 117.77L164.86 118.36L163.44 118.97L162 119.59L160.55 120.23L159.1 120.88L157.64 121.54L156.17 122.23L154.69 122.92L115.63 83.08L117.19 82.26L118.75 81.46L120.32 80.67L121.88 79.89L123.45 79.12L125.02 78.37L126.59 77.62L128.16 76.89L129.73 76.17L131.3 75.46L132.87 74.76L134.45 74.08L136.02 73.4L137.6 72.74L139.17 72.09L140.75 71.45L142.33 70.83L143.91 70.21L145.49 69.61L147.07 69.02L148.65 68.44L150.24 67.87L151.82 67.31L153.41 66.77L154.99 66.23L156.58 65.71L158.17 65.2L159.76 64.7L161.35 64.22L162.94 63.74L164.53 63.28L166.13 62.83L167.72 62.39L169.31 61.96L170.91 61.54L172.51 61.14L174.11 60.75L175.71 60.37L177.31 60L178.91 59.64L180.51 59.29L182.12 58.95L183.72 58.62L185.34 58.3L186.95 57.98L188.57 57.67L190.19 57.37L191.81 57.08L193.44 56.79L195.07 56.52L196.7 56.25L198.34 55.98L199.97 55.73L201.62 55.48L203.26 55.25L204.91 55.02L206.56 54.79L208.21 54.58L209.86 54.37L211.52 54.17L213.19 53.98L214.85 53.8L216.52 53.62L218.19 53.45L219.86 53.29L221.54 53.14L223.22 53L224.9 52.86L226.58 52.73L228.27 52.61L229.96 52.5L231.66 52.39L233.35 52.29L235.05 52.2L236.76 52.12L238.46 52.05L240.17 51.98L241.88 51.92L243.6 51.87L245.31 51.83L245.31 103.39L244.53 103.43L243.73 103.47L243.73 103.47L242.93 103.52ZM557.95 51.88L559.4 51.91L560.86 51.95L562.34 52L563.84 52.05L565.36 52.1L566.89 52.17L568.45 52.24L570.02 52.32L571.6 52.41L573.21 52.5L574.83 52.6L576.47 52.7L578.13 52.82L579.8 52.94L581.49 53.06L583.2 53.2L584.93 53.34L586.68 53.48L588.44 53.64L590.22 53.8L592.02 53.96L593.83 54.14L595.67 54.32L597.52 54.51L599.38 54.7L601.27 54.9L603.17 55.11L605.09 55.33L607.03 55.55L608.99 55.78L610.96 56.02L612.95 56.26L614.96 56.51L616.99 56.76L619.03 57.03L621.09 57.3L623.15 57.58L625.18 57.87L627.19 58.19L629.17 58.52L631.13 58.86L633.06 59.22L634.96 59.59L636.84 59.98L638.7 60.39L640.53 60.81L642.33 61.25L644.11 61.7L645.86 62.17L647.59 62.66L649.29 63.16L650.97 63.67L652.62 64.2L654.25 64.75L655.85 65.31L657.42 65.89L658.97 66.48L660.5 67.09L662 67.72L663.47 68.36L664.92 69.02L666.34 69.69L667.74 70.37L669.11 71.08L670.46 71.8L671.78 72.53L673.07 73.28L674.34 74.05L675.59 74.83L676.81 75.62L678 76.44L679.17 77.27L680.32 78.11L681.43 78.97L682.53 79.84L683.59 80.73L640.63 120.58L552.34 101.83L552.34 51.83L553.72 51.83L555.11 51.84L556.52 51.86L556.52 51.86L557.95 51.88ZM534.38 36.98L262.5 36.98L260.16 47.14L182.03 51.05L175 36.98L298.44 14.33L488.28 14.33L625 36.98L621.88 51.05L538.28 47.14L538.28 47.14L534.38 36.98Z'),
('Chizhovka', 2, 'B', 200, 'Smth', 'M452.34 515.11L452.34 507.3L344.53 507.3L344.53 515.11L229.69 515.11L229.69 454.17L571.09 454.17L571.09 515.11L452.34 515.11ZM535.16 56.52L537.5 63.55L546.09 63.55L546.09 101.83L257.03 101.83L257.03 66.67L264.84 66.67L264.84 60.42L273.44 60.42L273.44 47.14L528.13 47.14L525.78 56.52L535.16 56.52Z'),
('Chizhovka', 3, 'C', 1000, 'Smth2', 'M174.34 319.52L174.36 321.07L174.39 322.6L174.44 324.12L174.5 325.63L174.58 327.12L174.66 328.6L174.77 330.06L174.88 331.51L175.01 332.95L175.16 334.37L175.32 335.78L175.49 337.18L175.67 338.56L175.87 339.93L176.08 341.28L176.31 342.62L176.55 343.95L176.8 345.26L177.07 346.56L177.35 347.85L177.65 349.12L177.96 350.38L178.28 351.63L178.61 352.86L178.96 354.07L179.33 355.28L179.7 356.47L180.09 357.64L180.5 358.81L180.92 359.96L181.35 361.09L181.79 362.21L182.25 363.32L182.73 364.41L183.21 365.49L183.71 366.56L184.23 367.61L184.76 368.65L185.3 369.68L195.49 372.03L244.85 380.65L352.2 380.65L448.58 378.3L455.63 386.92L469.74 384.57L472.87 393.97L565.34 393.97L574.74 386.92L613.13 372.03L624.89 319.53L624.89 252.93L683.66 241.17L683.66 317.96L683.54 320.02L683.42 322.06L683.3 324.06L683.17 326.04L683.04 327.99L682.92 329.91L682.79 331.8L682.65 333.67L682.52 335.5L682.38 337.31L682.25 339.09L682.11 340.84L681.96 342.56L681.82 344.25L681.67 345.91L681.53 347.55L681.38 349.16L681.22 350.74L681.07 352.29L680.91 353.81L680.76 355.31L680.6 356.77L680.44 358.21L680.27 359.62L680.11 361L679.94 362.35L679.77 363.67L679.6 364.97L679.42 366.24L679.25 367.48L679.07 368.69L678.89 369.87L678.71 371.02L678.53 372.15L678.34 373.24L678.16 374.31L677.97 375.35L677.78 376.36L677.58 377.34L677.39 378.3L677.18 379.24L676.94 380.18L676.67 381.13L676.37 382.08L676.04 383.04L675.68 383.99L675.3 384.95L674.88 385.91L674.43 386.88L673.96 387.85L673.46 388.82L672.92 389.79L672.36 390.77L671.77 391.75L671.14 392.73L670.49 393.72L669.81 394.71L669.1 395.7L668.36 396.69L667.59 397.69L666.8 398.69L665.97 399.7L665.11 400.7L664.22 401.71L663.31 402.72L662.36 403.74L661.39 404.76L660.38 405.78L659.35 406.8L658.29 407.83L657.2 408.86L656.07 409.89L654.92 410.93L653.74 411.97L652.53 413.01L651.29 414.05L650.03 415.1L648.73 416.15L647.4 417.2L646.04 418.26L579.44 438.63L218.99 438.63L216.66 438.47L214.34 438.27L212.06 438.05L209.8 437.81L207.57 437.54L205.36 437.25L203.19 436.94L201.03 436.6L198.91 436.23L196.81 435.84L194.73 435.43L192.69 434.99L190.67 434.53L188.67 434.04L186.71 433.53L184.77 432.99L182.85 432.43L180.96 431.85L179.1 431.24L177.27 430.6L175.46 429.94L173.68 429.26L171.92 428.55L170.19 427.82L168.49 427.06L166.81 426.28L165.16 425.48L163.54 424.65L161.94 423.79L160.37 422.91L158.83 422.01L157.31 421.08L155.82 420.13L154.35 419.15L152.91 418.15L151.5 417.13L150.12 416.07L148.76 415L147.43 413.9L146.12 412.78L144.84 411.62L143.59 410.43L142.36 409.21L141.17 407.95L140 406.65L138.86 405.32L137.74 403.96L136.65 402.56L135.59 401.12L134.56 399.65L133.56 398.14L132.58 396.6L131.63 395.03L130.71 393.41L129.81 391.77L128.94 390.08L128.1 388.37L127.29 386.61L126.5 384.82L125.75 383L125.02 381.14L124.31 379.25L123.64 377.32L122.99 375.35L122.37 373.35L121.77 371.32L121.21 369.25L120.67 367.14L120.16 365L119.67 362.82L119.22 360.61L118.79 358.36L118.39 356.08L118.01 353.76L117.67 351.41L117.35 349.02L117.05 346.6L116.79 344.14L116.55 341.65L116.34 339.12L116.34 238.04L150.82 243.52L174.33 259.98L174.33 317.96L174.33 317.96L174.34 319.52ZM237.46 117.08L240.07 117.28L242.69 117.53L245.33 117.82L247.99 118.15L552.8 118.15L554.38 118.2L555.98 118.26L557.61 118.35L559.26 118.45L560.94 118.58L562.64 118.72L564.37 118.88L566.12 119.06L567.89 119.26L569.69 119.47L571.52 119.71L573.37 119.96L575.24 120.23L577.14 120.52L579.06 120.83L581.01 121.16L582.98 121.5L584.97 121.87L586.99 122.25L589.04 122.65L591.11 123.08L593.2 123.51L595.32 123.97L597.46 124.45L599.63 124.94L601.82 125.46L604.04 125.99L606.28 126.54L608.54 127.11L610.83 127.7L613.15 128.31L615.49 128.93L617.85 129.58L620.24 130.24L622.65 130.92L625.08 131.62L627.54 132.34L630.03 133.07L632.54 133.83L635.07 134.6L637.59 135.42L640.03 136.29L642.41 137.22L644.73 138.2L646.98 139.24L649.16 140.35L651.27 141.51L653.32 142.72L655.3 144L657.21 145.33L659.06 146.72L660.84 148.17L662.55 149.67L664.2 151.24L665.78 152.86L667.3 154.54L668.74 156.28L670.12 158.07L671.44 159.92L672.69 161.83L673.87 163.8L674.98 165.83L676.03 167.91L677.01 170.05L677.93 172.25L678.78 174.51L679.56 176.83L680.27 179.2L680.92 181.63L681.5 184.12L682.02 186.66L682.47 189.27L682.85 191.93L683.16 194.65L683.41 197.43L683.59 200.26L683.71 203.15L683.76 206.1L683.74 209.11L683.66 212.18L632.72 209.83L606.87 180.05L547.31 176.13L340.45 174.57L247.99 174.57L192.35 180.05L175.11 209.83L116.34 207.48L116.29 205.33L116.29 203.21L116.34 201.11L116.45 199.02L116.6 196.96L116.81 194.92L117.07 192.9L117.38 190.9L117.74 188.92L118.16 186.96L118.62 185.02L119.14 183.1L119.71 181.2L120.33 179.33L121.01 177.47L121.73 175.63L122.51 173.82L123.34 172.02L124.22 170.25L125.16 168.49L126.14 166.76L127.18 165.05L128.27 163.36L129.41 161.69L130.61 160.03L131.85 158.4L133.15 156.79L134.5 155.2L135.9 153.64L137.35 152.09L138.86 150.56L140.41 149.05L142.02 147.57L143.68 146.1L145.4 144.66L147.16 143.23L148.98 141.83L150.85 140.44L152.77 139.08L154.74 137.74L156.75 136.43L158.77 135.16L160.81 133.93L162.86 132.75L164.94 131.6L167.03 130.5L169.13 129.45L171.26 128.43L173.4 127.46L175.55 126.52L177.73 125.63L179.92 124.79L182.12 123.98L184.34 123.22L186.58 122.5L188.84 121.82L191.11 121.18L193.4 120.58L195.71 120.03L198.03 119.52L200.37 119.05L202.73 118.63L205.1 118.24L207.49 117.9L209.9 117.6L212.32 117.34L214.76 117.12L217.21 116.95L219.69 116.82L222.18 116.73L224.68 116.68L227.2 116.68L229.74 116.71L232.3 116.79L234.87 116.91L234.87 116.91L237.46 117.08Z'),
('DInamo', 4, 'A', 2000, 'Фич нет', 'M159.69 134.64C176.68 119.39 201.08 106.54 232.89 96.08L230.28 72.55L253.81 66.67L261.65 90.85L389.76 90.85L393.68 60.78L411.98 60.78L415.9 90.85L559.04 96.08C584.74 98.26 612.2 111.11 641.39 134.64C670.58 158.17 689.97 185.84 699.56 217.65L767.53 190.2C759.69 161.87 739.65 128.76 707.4 90.85C675.16 52.94 621.56 28.54 546.62 17.65L230.28 20.91C177.12 29.63 132.89 50.76 97.6 84.31C62.3 117.86 40.52 153.16 32.24 190.2L102.17 219.61C123.52 178.21 142.7 149.89 159.69 134.64Z'),
('DInamo', 5, 'B', 500, 'none', 'M18.51 243.14C16.77 265.36 16.77 288.89 18.51 313.73C26.79 359.04 42.26 400.22 64.92 437.25C87.58 474.29 135.29 505.66 208.06 531.37L233.55 458.17L208.06 449.67C161 426.14 128.75 395.21 111.32 356.86C93.9 318.52 91.06 271.9 102.83 216.99L30.28 188.89C24.18 202.83 20.26 220.91 18.51 243.14Z'),
('DInamo', 6, 'C', 500, 'none', 'M212.46 529.85L246.8 535.91L566.67 535.91L589.56 527.83L566.67 457.8L537.71 463.19L262.29 463.19L234.68 459.14L212.46 529.85Z'),
('DInamo', 7, 'D', 1500, 'd sec', 'M744.66 419.61C707.62 478.43 655.77 515.47 589.1 530.72L567.53 459.48L606.1 444.44L617.21 459.48L626.36 452.29L617.21 437.25L647.93 415.69L673.42 386.93L696.29 354.25L725.05 367.97L735.51 341.83L698.91 331.37C700.21 328.32 703.05 316.56 707.4 296.08C711.76 275.6 708.93 250.11 698.91 219.61L769.49 192.16C789.97 284.97 781.69 360.78 744.66 419.61Z');

-- --------------------------------------------------------

--
-- Table structure for table `ticket`
--

CREATE TABLE `ticket` (
  `id` int(8) NOT NULL,
  `userId` int(4) DEFAULT NULL,
  `concertId` int(6) DEFAULT NULL,
  `sectorId` int(6) DEFAULT NULL
) ENGINE=InnoDB DEFAULT CHARSET=utf8mb4;

--
-- Dumping data for table `ticket`
--

INSERT INTO `ticket` (`id`, `userId`, `concertId`, `sectorId`) VALUES
(1, 12, 2, 4),
(2, 12, 2, 4),
(3, 12, 2, 4),
(4, 12, 2, 4),
(5, 12, 2, 7),
(6, 12, 2, 7),
(7, 12, 2, 7),
(8, 12, 2, 7),
(9, 12, 2, 7),
(10, 12, 2, 7),
(11, 12, 2, 7),
(12, 12, 2, 7),
(13, 12, 2, 7),
(14, 12, 2, 7),
(15, 12, 2, 4),
(16, 12, 2, 4),
(17, 12, 2, 4),
(18, 12, 2, 4),
(19, 12, 2, 4),
(20, 12, 2, 4),
(21, 12, 2, 4),
(22, 12, 4, 7),
(23, 12, 4, 7),
(24, 12, 4, 7),
(25, 12, 4, 7),
(26, 12, 3, 7),
(27, 12, 3, 7),
(28, 12, 3, 7),
(29, 12, 2, 7),
(30, 12, 2, 7),
(31, 12, 2, 7),
(32, 12, 2, 7),
(33, 12, 7, 2),
(34, 12, 7, 2),
(35, 12, 7, 2),
(36, 12, 7, 2),
(37, 12, 7, 2),
(38, 12, 5, 1),
(39, 12, 7, 2),
(40, 12, 7, 2),
(41, 12, 7, 2),
(42, 12, 7, 2),
(43, 12, 7, 2),
(44, 12, 7, 2),
(45, 12, 7, 2),
(46, 12, 7, 2),
(47, 12, 7, 2),
(48, 12, 7, 2),
(49, 12, 7, 2),
(50, 12, 7, 2),
(51, 12, 7, 2),
(52, 12, 7, 2),
(53, 12, 7, 2),
(54, 12, 7, 2),
(55, 12, 7, 2),
(56, 12, 7, 2),
(57, 12, 7, 2),
(58, 12, 7, 2),
(59, 12, 7, 2),
(60, 12, 7, 2),
(61, 12, 7, 2),
(62, 12, 7, 2),
(63, 12, 7, 2),
(64, 12, 7, 2),
(65, 12, 7, 2),
(66, 12, 7, 2),
(67, 12, 7, 2),
(68, 12, 7, 2),
(69, 12, 7, 2),
(70, 12, 7, 2),
(71, 12, 7, 2),
(72, 12, 7, 2),
(73, 12, 7, 2),
(74, 12, 7, 2),
(75, 12, 7, 2),
(76, 12, 7, 2),
(77, 12, 7, 2),
(78, 12, 7, 2),
(79, 12, 7, 2),
(80, 12, 7, 2),
(81, 12, 7, 2),
(82, 12, 7, 2),
(83, 12, 7, 2),
(84, 12, 7, 2),
(85, 12, 7, 2),
(86, 12, 7, 2),
(87, 12, 7, 2),
(88, 12, 7, 2),
(89, 12, 7, 2),
(90, 12, 7, 2),
(91, 12, 7, 2),
(92, 12, 7, 2),
(93, 12, 7, 2),
(94, 12, 7, 2),
(95, 12, 7, 2),
(96, 12, 7, 2),
(97, 12, 7, 2),
(98, 12, 7, 2),
(99, 12, 7, 2),
(100, 12, 7, 2),
(101, 12, 7, 2),
(102, 12, 7, 2),
(103, 12, 7, 2),
(104, 12, 7, 2),
(105, 12, 7, 2),
(106, 12, 7, 2),
(107, 12, 7, 2),
(108, 12, 7, 2),
(109, 12, 7, 2),
(110, 12, 7, 2),
(111, 12, 7, 2),
(112, 12, 7, 2),
(113, 12, 7, 2),
(114, 12, 7, 2),
(115, 12, 7, 2),
(116, 12, 7, 2),
(117, 12, 7, 2),
(118, 12, 7, 2),
(119, 12, 7, 2),
(120, 12, 7, 2),
(121, 12, 7, 2),
(122, 12, 7, 2),
(123, 12, 7, 2),
(124, 12, 7, 2),
(125, 12, 7, 2),
(126, 12, 7, 2),
(127, 12, 7, 2),
(128, 12, 7, 2),
(129, 12, 7, 2),
(130, 12, 7, 2),
(131, 12, 7, 2),
(132, 12, 7, 2),
(133, 12, 7, 2),
(134, 12, 7, 2),
(135, 12, 7, 2),
(136, 12, 7, 2),
(137, 12, 7, 2),
(138, 12, 7, 2),
(139, 12, 7, 2),
(140, 12, 7, 2),
(141, 12, 7, 2),
(142, 12, 7, 2),
(143, 12, 7, 2),
(144, 12, 7, 2),
(145, 12, 7, 2),
(146, 12, 7, 2),
(147, 12, 7, 2),
(148, 12, 7, 2),
(149, 12, 7, 2),
(150, 12, 7, 2),
(151, 12, 7, 2),
(152, 12, 7, 2),
(153, 12, 7, 2),
(154, 12, 7, 2),
(155, 12, 7, 2),
(156, 12, 7, 2),
(157, 12, 7, 2),
(158, 12, 7, 2),
(159, 12, 7, 2),
(160, 12, 7, 2),
(161, 12, 7, 2),
(162, 12, 7, 2),
(163, 12, 7, 2),
(164, 12, 7, 2),
(165, 12, 7, 2),
(166, 12, 7, 2),
(167, 12, 7, 2),
(168, 12, 7, 2),
(169, 12, 7, 2),
(170, 12, 7, 2),
(171, 12, 7, 2),
(172, 12, 7, 2),
(173, 12, 7, 2),
(174, 12, 7, 2),
(175, 12, 7, 2),
(176, 12, 7, 2),
(177, 12, 7, 2),
(178, 12, 7, 2),
(179, 12, 7, 2),
(180, 12, 7, 2),
(181, 12, 7, 2),
(182, 12, 7, 2),
(183, 12, 7, 2),
(184, 12, 7, 2),
(185, 12, 7, 2),
(186, 12, 7, 2),
(187, 12, 7, 2),
(188, 12, 7, 2),
(189, 12, 7, 2),
(190, 12, 7, 2),
(191, 12, 7, 2),
(192, 12, 7, 2),
(193, 12, 7, 2),
(194, 12, 7, 2),
(195, 12, 7, 2),
(196, 12, 7, 2),
(197, 12, 7, 2),
(198, 12, 7, 2),
(199, 12, 7, 2),
(200, 12, 7, 2),
(201, 12, 7, 2),
(202, 12, 7, 2),
(203, 12, 7, 2),
(204, 12, 7, 2),
(205, 12, 7, 2),
(206, 12, 7, 2),
(207, 12, 7, 2),
(208, 12, 7, 2),
(209, 12, 7, 2),
(210, 12, 7, 2),
(211, 12, 7, 2),
(212, 12, 7, 2),
(213, 12, 7, 2),
(214, 12, 7, 2),
(215, 12, 7, 2),
(216, 12, 7, 2),
(217, 12, 7, 2),
(218, 12, 7, 2),
(219, 12, 7, 2),
(220, 12, 7, 2),
(221, 12, 7, 2),
(222, 12, 7, 2),
(223, 12, 7, 2),
(224, 12, 7, 2),
(225, 12, 7, 2),
(226, 12, 7, 2),
(227, 12, 7, 2),
(228, 12, 7, 2),
(229, 12, 7, 2),
(230, 12, 7, 2),
(231, 12, 7, 2),
(232, 12, 7, 2),
(233, 12, 7, 2),
(234, 12, 5, 1),
(235, 12, 5, 1),
(236, 12, 5, 1),
(237, 12, 5, 1),
(238, 12, 5, 1),
(239, 12, 5, 1),
(240, 12, 5, 1),
(241, 12, 5, 1),
(242, 12, 5, 1),
(243, 12, 5, 1),
(244, 12, 5, 1),
(245, 12, 5, 1),
(246, 12, 5, 1),
(247, 12, 5, 1),
(248, 12, 5, 1),
(249, 12, 5, 1),
(250, 12, 5, 1),
(251, 12, 5, 1),
(252, 12, 5, 1),
(253, 12, 5, 1),
(254, 12, 5, 1),
(255, 12, 5, 1),
(256, 12, 5, 1),
(257, 12, 5, 1),
(258, 12, 5, 1),
(259, 12, 5, 1),
(260, 12, 5, 1),
(261, 12, 5, 1),
(262, 12, 5, 1),
(263, 12, 5, 1),
(264, 12, 5, 1),
(265, 12, 5, 1),
(266, 12, 5, 1),
(267, 12, 5, 1),
(268, 12, 5, 1),
(269, 12, 5, 1),
(270, 12, 5, 1),
(271, 12, 5, 1),
(272, 12, 5, 1),
(273, 12, 5, 1),
(274, 12, 5, 1),
(275, 12, 5, 1),
(276, 12, 5, 1),
(277, 12, 5, 1),
(278, 12, 5, 1),
(279, 12, 5, 1),
(280, 12, 5, 1),
(281, 12, 5, 1),
(282, 12, 5, 1),
(283, 12, 5, 1),
(284, 12, 5, 1),
(285, 12, 5, 1),
(286, 12, 5, 1),
(287, 12, 5, 1),
(288, 12, 5, 1),
(289, 12, 5, 1),
(290, 12, 5, 1),
(291, 12, 5, 1),
(292, 12, 5, 1),
(293, 12, 5, 1),
(294, 12, 5, 1),
(295, 12, 5, 1),
(296, 12, 5, 1),
(297, 12, 5, 1),
(298, 12, 5, 1),
(299, 12, 5, 1),
(300, 12, 5, 1),
(301, 12, 5, 1),
(302, 12, 5, 1),
(303, 12, 5, 1),
(304, 12, 5, 1),
(305, 12, 5, 1),
(306, 12, 5, 1),
(307, 12, 5, 1),
(308, 12, 5, 1),
(309, 12, 5, 1),
(310, 12, 5, 1),
(311, 12, 5, 1),
(312, 12, 5, 1),
(313, 12, 5, 1),
(314, 12, 5, 1),
(315, 12, 5, 1),
(316, 12, 5, 1),
(317, 12, 5, 1),
(318, 12, 5, 1),
(319, 12, 5, 1),
(320, 12, 5, 1),
(321, 12, 5, 1),
(322, 12, 5, 1),
(323, 12, 5, 1),
(324, 12, 5, 1),
(325, 12, 5, 1),
(326, 12, 5, 1),
(327, 12, 5, 1),
(328, 12, 5, 1),
(329, 12, 5, 1),
(330, 12, 5, 1),
(331, 12, 5, 1),
(332, 12, 5, 1),
(333, 12, 5, 1),
(334, 12, 5, 1),
(335, 12, 5, 1),
(336, 12, 5, 1),
(337, 12, 5, 1),
(338, 12, 5, 1),
(339, 12, 5, 1),
(340, 12, 5, 1),
(341, 12, 5, 1),
(342, 12, 5, 1),
(343, 12, 5, 1),
(344, 12, 5, 1),
(345, 12, 5, 1),
(346, 12, 5, 1),
(347, 12, 5, 1),
(348, 12, 5, 1),
(349, 12, 5, 1),
(350, 12, 5, 1),
(351, 12, 5, 1),
(352, 12, 5, 1),
(353, 12, 5, 1),
(354, 12, 5, 1),
(355, 12, 5, 1),
(356, 12, 5, 1),
(357, 12, 5, 1),
(358, 12, 5, 1),
(359, 12, 5, 1),
(360, 12, 5, 1),
(361, 12, 5, 1),
(362, 12, 5, 1),
(363, 12, 5, 1),
(364, 12, 5, 1),
(365, 12, 5, 1),
(366, 12, 5, 1),
(367, 12, 5, 1),
(368, 12, 5, 1),
(369, 12, 5, 1),
(370, 12, 5, 1),
(371, 12, 5, 1),
(372, 12, 5, 1),
(373, 12, 5, 1),
(374, 12, 5, 1),
(375, 12, 5, 1),
(376, 12, 5, 1),
(377, 12, 5, 1),
(378, 12, 5, 1),
(379, 12, 5, 1),
(380, 12, 5, 1),
(381, 12, 5, 1),
(382, 12, 5, 1),
(383, 12, 5, 1),
(384, 12, 5, 1),
(385, 12, 5, 1),
(386, 12, 5, 1),
(387, 12, 5, 1),
(388, 12, 5, 1),
(389, 12, 5, 1),
(390, 12, 5, 1),
(391, 12, 5, 1),
(392, 12, 5, 1),
(393, 12, 5, 1),
(394, 12, 5, 1),
(395, 12, 5, 1),
(396, 12, 5, 1),
(397, 12, 5, 1),
(398, 12, 5, 1),
(399, 12, 5, 1),
(400, 12, 5, 1),
(401, 12, 5, 1),
(402, 12, 5, 1),
(403, 12, 5, 1),
(404, 12, 5, 1),
(405, 12, 5, 1),
(406, 12, 5, 1),
(407, 12, 5, 1),
(408, 12, 5, 1),
(409, 12, 5, 1),
(410, 12, 5, 1),
(411, 12, 5, 1),
(412, 12, 5, 1),
(413, 12, 5, 1),
(414, 12, 5, 1),
(415, 12, 5, 1),
(416, 12, 5, 1),
(417, 12, 5, 1),
(418, 12, 5, 1),
(419, 12, 5, 1),
(420, 12, 5, 1),
(421, 12, 5, 1),
(422, 12, 5, 1),
(423, 12, 5, 1),
(424, 12, 5, 1),
(425, 12, 5, 1),
(426, 12, 5, 1),
(427, 12, 5, 1),
(428, 12, 5, 1),
(429, 12, 5, 1),
(430, 12, 5, 1),
(431, 12, 5, 1),
(432, 12, 5, 1),
(433, 12, 12, 1),
(434, 12, 12, 1),
(435, 12, 12, 1),
(436, 12, 12, 1);

-- --------------------------------------------------------

--
-- Table structure for table `users`
--

CREATE TABLE `users` (
  `id` int(3) NOT NULL,
  `email` varchar(35) CHARACTER SET utf8 DEFAULT NULL,
  `name` varchar(20) CHARACTER SET utf8 DEFAULT NULL,
  `sname` varchar(20) CHARACTER SET utf8 DEFAULT NULL,
  `password` varchar(128) CHARACTER SET utf8 DEFAULT NULL,
  `isApproved` tinyint(1) NOT NULL DEFAULT 0,
  `secret` text NOT NULL,
  `userType` varchar(10) NOT NULL DEFAULT 'user'
) ENGINE=InnoDB DEFAULT CHARSET=utf8mb4;

--
-- Dumping data for table `users`
--

INSERT INTO `users` (`id`, `email`, `name`, `sname`, `password`, `isApproved`, `secret`, `userType`) VALUES
(12, 'v@gmail.com', NULL, NULL, '60149a289a3623cd214943af2892e103f4bddafb', 1, '', 'user'),
(42, 'bence.trendon@outree.org', NULL, NULL, '60149a289a3623cd214943af2892e103f4bddafb', 1, '0c35535af0e0c01000c30221b93ee6a8f5734990', 'user'),
(43, 'lqjujiyduiooiqygwk@tsyefn.com', NULL, NULL, '60149a289a3623cd214943af2892e103f4bddafb', 0, '387ef5647a3ce24a17be2f68290f38ed9431da26', 'user'),
(44, 'angeliah.sameera@outree.org', NULL, NULL, '60149a289a3623cd214943af2892e103f4bddafb', 1, 'ced21f33c42065c29ee4a0ad62be7459e8799120', 'user');

--
-- Indexes for dumped tables
--

--
-- Indexes for table `concerts`
--
ALTER TABLE `concerts`
  ADD PRIMARY KEY (`id`),
  ADD KEY `place` (`place`);

--
-- Indexes for table `costs`
--
ALTER TABLE `costs`
  ADD PRIMARY KEY (`id`),
  ADD KEY `concertId` (`concertId`),
  ADD KEY `sectorId` (`sectorId`);

--
-- Indexes for table `halls`
--
ALTER TABLE `halls`
  ADD PRIMARY KEY (`id`),
  ADD KEY `place` (`place`);

--
-- Indexes for table `sector`
--
ALTER TABLE `sector`
  ADD PRIMARY KEY (`id`),
  ADD KEY `place` (`place`);

--
-- Indexes for table `ticket`
--
ALTER TABLE `ticket`
  ADD PRIMARY KEY (`id`),
  ADD KEY `userId` (`userId`),
  ADD KEY `sector` (`sectorId`),
  ADD KEY `concertId` (`concertId`);

--
-- Indexes for table `users`
--
ALTER TABLE `users`
  ADD PRIMARY KEY (`id`);

--
-- AUTO_INCREMENT for dumped tables
--

--
-- AUTO_INCREMENT for table `concerts`
--
ALTER TABLE `concerts`
  MODIFY `id` int(11) NOT NULL AUTO_INCREMENT, AUTO_INCREMENT=16;

--
-- AUTO_INCREMENT for table `costs`
--
ALTER TABLE `costs`
  MODIFY `id` int(11) NOT NULL AUTO_INCREMENT, AUTO_INCREMENT=62;

--
-- AUTO_INCREMENT for table `halls`
--
ALTER TABLE `halls`
  MODIFY `id` int(11) NOT NULL AUTO_INCREMENT, AUTO_INCREMENT=3;

--
-- AUTO_INCREMENT for table `sector`
--
ALTER TABLE `sector`
  MODIFY `id` int(4) NOT NULL AUTO_INCREMENT, AUTO_INCREMENT=8;

--
-- AUTO_INCREMENT for table `ticket`
--
ALTER TABLE `ticket`
  MODIFY `id` int(8) NOT NULL AUTO_INCREMENT, AUTO_INCREMENT=437;

--
-- AUTO_INCREMENT for table `users`
--
ALTER TABLE `users`
  MODIFY `id` int(3) NOT NULL AUTO_INCREMENT, AUTO_INCREMENT=45;

--
-- Constraints for dumped tables
--

--
-- Constraints for table `concerts`
--
ALTER TABLE `concerts`
  ADD CONSTRAINT `concerts_ibfk_1` FOREIGN KEY (`place`) REFERENCES `halls` (`place`);

--
-- Constraints for table `costs`
--
ALTER TABLE `costs`
  ADD CONSTRAINT `costs_ibfk_1` FOREIGN KEY (`concertId`) REFERENCES `concerts` (`id`),
  ADD CONSTRAINT `costs_ibfk_2` FOREIGN KEY (`sectorId`) REFERENCES `sector` (`id`);

--
-- Constraints for table `sector`
--
ALTER TABLE `sector`
  ADD CONSTRAINT `sector_ibfk_1` FOREIGN KEY (`place`) REFERENCES `halls` (`place`);

--
-- Constraints for table `ticket`
--
ALTER TABLE `ticket`
  ADD CONSTRAINT `ticket_ibfk_1` FOREIGN KEY (`userId`) REFERENCES `users` (`id`),
  ADD CONSTRAINT `ticket_ibfk_3` FOREIGN KEY (`sectorId`) REFERENCES `sector` (`id`),
  ADD CONSTRAINT `ticket_ibfk_4` FOREIGN KEY (`concertId`) REFERENCES `concerts` (`id`);
COMMIT;

/*!40101 SET CHARACTER_SET_CLIENT=@OLD_CHARACTER_SET_CLIENT */;
/*!40101 SET CHARACTER_SET_RESULTS=@OLD_CHARACTER_SET_RESULTS */;
/*!40101 SET COLLATION_CONNECTION=@OLD_COLLATION_CONNECTION */;
